N,coefficient,estimator,bias,var,mse
250,intercept,GP,1.4233173888157147,0.5342314188992117,2.5599569619206157
250,intercept,LL,-0.0006844776287397991,0.44894451858164297,0.44885519818755093
250,slope,GP,1.423163744733353,0.5397046747422837,2.564991778130796
250,slope,LL,-0.0002510802098587561,0.4534658370789831,0.4533752069528391
500,intercept,GP,1.4243469546244878,0.2610111855982656,2.2897232305091997
500,intercept,LL,-0.001688714033956984,0.21899773207133152,0.21895678428000573
500,slope,GP,1.4266517021006795,0.2621822336209509,2.2974648762809946
500,slope,LL,0.00020547814974491985,0.21963894959178631,0.219595064023138
1000,intercept,GP,1.4261173677023962,0.12928724803923153,2.163072137052042
1000,intercept,LL,-0.0009116577564043382,0.10826362895435124,0.10824280734842516
1000,slope,GP,1.423663691993955,0.12923323788851382,2.156025699142792
1000,slope,LL,-0.003614126674561291,0.10830727054175775,0.1082986709992692
2000,intercept,GP,1.4231834674542156,0.06261487535084047,2.0880535344107773
2000,intercept,LL,-0.004314579559874687,0.0526386886392357,0.05264677649828634
2000,slope,GP,1.4241227212678655,0.0631258492207227,2.0912387492822657
2000,slope,LL,-0.003566280836931668,0.053104673859514874,0.053106771283750825
5000,intercept,GP,1.422574194525339,0.025680270653544245,2.049392473528828
5000,intercept,LL,-0.005040758757054675,0.02153367504912731,0.021554777562964332
5000,slope,GP,1.420999940500863,0.025401640653611564,2.0446373912289424
5000,slope,LL,-0.006682864659802945,0.02130748682448969,0.021347886007186026
