spec,N,coefficient,estimator,bias,var,mse
Y0Y2_significant,250,intercept,GP,-0.22844453491609595,2.351518493489868,2.4032350953242014
Y0Y2_significant,250,intercept,LL,-0.04776700464737793,2.524657908470791,2.526434663622079
Y0Y2_significant,250,log_exp_slope,GP,0.0156870363893285,0.024472786322548127,0.024713974875963732
Y0Y2_significant,250,log_exp_slope,LL,-0.0020721318862232385,0.026218856265711375,0.026217906225012133
Y0Y2_significant,500,intercept,GP,-0.19822717214676633,1.170209384442874,1.209269354343289
Y0Y2_significant,500,intercept,LL,-0.015451584638072724,1.2550753114255637,1.255063047831106
Y0Y2_significant,500,log_exp_slope,GP,0.018475026571992903,0.012619008808236132,0.012957811613310333
Y0Y2_significant,500,log_exp_slope,LL,0.0007318243702171823,0.01314466787815534,0.013142574511488554
Y0Y2_significant,1000,intercept,GP,-0.21389168631776556,0.5990922276089033,0.6447220626392388
Y0Y2_significant,1000,intercept,LL,-0.031587355529304695,0.6392161191899137,0.6400860369954104
Y0Y2_significant,1000,log_exp_slope,GP,0.015400642086375316,0.006254633467813101,0.006490562317792174
Y0Y2_significant,1000,log_exp_slope,LL,-0.00199346609349238,0.006627639051104239,0.006630287430359924
Y0Y2_significant,2000,intercept,GP,-0.21823182651154482,0.3051660609044973,0.35273015779488104
Y0Y2_significant,2000,intercept,LL,-0.03735187027704967,0.3266240162313631,0.32795385364131036
Y0Y2_significant,2000,log_exp_slope,GP,0.016484410094566637,0.003109827775208138,0.0033809415858189447
Y0Y2_significant,2000,log_exp_slope,LL,-0.0012475627282740875,0.0032788632300153678,0.0032797638701303434
Y0Y2_significant,5000,intercept,GP,-0.21160955886007127,0.1159630381872261,0.1607184509805425
Y0Y2_significant,5000,intercept,LL,-0.026604901521139368,0.12182550382512744,0.122508959509312
Y0Y2_significant,5000,log_exp_slope,GP,0.016418161570679934,0.0012189898971103677,0.001488302128491898
Y0Y2_significant,5000,log_exp_slope,LL,-0.0014038286838503056,0.0013077934131350256,0.0013095025894259995
Y1Y2_flat,250,intercept,GP,-0.12802175262695403,2.313759335543897,2.3296861528224655
Y1Y2_flat,250,intercept,LL,-0.03283865489449678,2.4219683456040544,2.422562329190213
Y1Y2_flat,250,log_exp_slope,GP,0.008508228453864675,0.02572990000649311,0.02579714397791496
Y1Y2_flat,250,log_exp_slope,LL,0.0007337678797405545,0.02730283015286398,0.02729790800213474
Y1Y2_flat,500,intercept,GP,-0.05535186983055507,1.1756392775386262,1.1784679791768573
Y1Y2_flat,500,intercept,LL,0.024807000351193764,1.2449472531001489,1.2453136509159528
Y1Y2_flat,500,log_exp_slope,GP,0.007202746890745515,0.012636233780134214,0.012685586096150335
Y1Y2_flat,500,log_exp_slope,LL,9.803070730785013e-05,0.013561007397877968,0.01355830480641797
Y1Y2_flat,1000,intercept,GP,-0.06689957222430554,0.5841554314333526,0.5885141531108611
Y1Y2_flat,1000,intercept,LL,0.021101817970119896,0.616268436752729,0.6165904697870226
Y1Y2_flat,1000,log_exp_slope,GP,0.007231406891126668,0.006378027147659965,0.006429044787855466
Y1Y2_flat,1000,log_exp_slope,LL,-0.0003908299948688354,0.006745315466608452,0.0067441191516000205
Y1Y2_flat,2000,intercept,GP,-0.06741989569243234,0.29994736103920583,0.3044328139021764
Y1Y2_flat,2000,intercept,LL,0.018938766325703682,0.31482559421946493,0.3151213059705607
Y1Y2_flat,2000,log_exp_slope,GP,0.008063302758140045,0.003229428372162679,0.0032937993378576776
Y1Y2_flat,2000,log_exp_slope,LL,0.0005276600316520552,0.003436391898136913,0.003435983044866289
Y1Y2_flat,5000,intercept,GP,-0.07871019552874259,0.11561239076728523,0.12178456316930467
Y1Y2_flat,5000,intercept,LL,0.006753356714890302,0.12237882350252473,0.12239995556474276
Y1Y2_flat,5000,log_exp_slope,GP,0.007023590088442777,0.0012742152216320911,0.0013232911963182367
Y1Y2_flat,5000,log_exp_slope,LL,-0.0005737777483311168,0.0013461122873569189,0.0013461722858039273
